robertovargas1;Roberto;Vargas;robertovargas@m;120k6lng;Calle 33 #49-35;104
camilamoreno2;Camila;Moreno;camilamoreno@ma;32lk2fqx;Calle 82 #29-4;
luisfernandez3;Luis;Fernandez;luisf3@me;xkk554in;Calle 64 #35-48;105
camilagomez4;Camila;Gomez;alejandrodiaz14;81x72ex8;Calle 18 #46-10;104
lauramartinez5;Laura;Martinez;valerialopez25;ytfc6joj;Calle 9 #4-44;501
danielagarcia6;Daniela;Garcia;danielagarcia@m;4lxlw8hf;;205
camilamartinez7;Camila;Martinez;camilamartinez@;r8gljttn;Calle 1 #33-8;302
luismartinez8;;Martinez;luismartinez@ma;ul7vc69f;Calle 82 #44-37;403
juanrodriguez9;Juan;Rodriguez;juanrodriguez@m;fx2mwvtz;Calle 8 #38-41;301
camilagarcia10;Camila;Garcia;camilagarcia@ma;tf3wu4mz;Calle 26 #33-6;203
danielafernande;Daniela;Fernandez;danielafernande;3btsblqs;Calle 87 #2-39;401
isabelfernan;Isabel;Fernan;isabelfernan;5hem59sv;Calle 10 #11-30;101
patriciafernand;Patricia;Fernandez;patriciafernand;7oezxpfk;Calle 31 #41-33;201
alejandrodiaz14;Alejandro;Diaz;alejandrod14@ca;cbjbvfwf;Calle 27 #41-16;501
isabelmartinez1;Isabel;Martinez;isabelmartinez@;lh4y3m4p;Calle 58 #34-5;501
valeriavargas16;Valeria;Vargas;valeriavargas@m;whoxiwjp;Calle 4 #6-11;105
manuelrodriguez;Manuel;Rodriguez;manuelrodriguez;trmmsu5x;Calle 89 #1-47;502
sofiadiaz18;Sofia;Diaz;sofiadiaz@mail.;ltu2s8nw;Calle 30 #3-49;101
gabrielaramos19;Gabriela;Ramos;gabrielaramos@m;jqjatybo;Calle 53 #4-1;403
camilagarcia20;Camila;Garcia;camilagarcia@ma;m746hh97;Calle 12 #23-7;105
pedroramos21;Pedro;Ramos;pedroramos@mail;6y6airki;Calle 53 #37-27;403
camilagarcia22;Camila;Garcia;camilagarcia@ma;wjzqeghq;Calle 84 #48-33;105
juanrodriguez23;;Rodriguez;juanrodriguez@m;58mgc2tk;Calle 18 #20-32;303
juanramos24;Juan;Ramos;juanramos@mail.;blf1ab7i;Calle 3 #34-33;403
valerialopez25;Valeria;Lopez;valerial25@pe;uaxak9lk;Calle 69 #19-8;101
manuelramos26;;Ramos;manuelramos@mai;vnh2lnkg;Calle 14 #16-12;402
luisrodriguez27;Luis;Rodriguez;luisrodriguez@m;lscwmu3t;Calle 91 #26-25;501
gabrielalopez28;Gabriela;Lopez;gabrielalopez@m;w3uu6rqf;Calle 62 #4-17;103
robertofernande;Roberto;Fernandez;robertofernande;qom025af;Calle 49 #24-19;401
danielarodrigue;Daniela;Rodriguez;danielarodrigue;5g6ko1ng;Calle 83 #22-21;103
carlosramos31;Carlos;Ramos;carlosramos@mai;xl0bmzv8;Calle 30 #32-35;105
mariaramos32;Maria;Ramos;mariaramos@mail;70hbje4y;Calle 23 #15-27;105
diegoramos33;Diego;Ramos;diegoramos@mail;18nx022r;Calle 20 #36-7;101
isabelvargas34;Isabel;Vargas;isabelvargas@ma;5h5zhwbt;;105
anagarcia35;Ana;Garcia;anagarcia@mail.;m1szu2t6;Calle 41 #1-13;402
luislopez36;Luis;Lopez;luislopez@mail.;bp5w36kf;Calle 55 #11-4;501
pedrogomez37;Pedro;Gomez;pedrogomez@mail;4d435m26;Calle 52 #38-14;301
patriciamoreno3;Patricia;Moreno;patriciamoreno@;9a4rin6c;Calle 96 #37-19;205
juanramos39;;Ramos;juanramos@mail.;90kh65om;Calle 23 #32-24;402
mariagarcia40;Maria;Garcia;mariagarcia@mai;pn0l1x7k;Calle 31 #18-11;101
camiladiaz41;Camila;Diaz;camiladiaz@mail;chcs9m3u;Calle 79 #5-33;301
isabelfernandez;Isabel;Fernandez;isabelfernandez;if9kkv0h;Calle 74 #28-25;501
diegodiaz43;Diego;Diaz;diegodiaz@mail.;ynioxdrf;;503
laurarodriguez4;;Rodriguez;laurarodriguez@;zi8vf1q1;Calle 89 #20-48;
analopez45;Ana;Lopez;analopez@mail.c;a7mu2xsq;;301
manuelmoreno46;Manuel;Moreno;manuelmoreno@ma;jab4ha0q;Calle 8 #42-7;403
lauramoreno47;Laura;Moreno;lauramoreno@mai;xuajld3u;Calle 53 #40-48;503
mariamoreno48;Maria;Moreno;mariamoreno@mai;m1xw12cn;Calle 7 #31-7;102
manuelgarcia49;Manuel;Garcia;manuelgarcia@ma;asw17xbm;Calle 15 #44-41;401
diegomartinez50;Diego;Martinez;diegomartinez@m;ou21bzqk;Calle 61 #36-4;503
